epsilon_total,regime,mae,clipping_bias,median_relative_error
1,sparse,27.11259232466873,6.500588084691036,0.8235658866660232
1,dense,40.27562642283632,0.0,0.024789621200875078
1,sparse,29.362839043882428,6.830991813306795,1.0
1,dense,36.845004801283416,0.0,0.01887112424218238
1,sparse,22.361603243230064,14.366198601310993,1.0
1,dense,43.47078861846143,0.0,0.023468190404723678
1,sparse,17.58929974358344,3.906232353373174,0.7237988985857144
1,dense,39.07519650017617,0.0,0.022001677550254346
1,sparse,34.05358760612705,5.111358475231392,0.822052851113406
1,dense,36.46225525434871,0.0,0.024378646476952516
1,sparse,16.750540828556737,5.819427170897543,0.5871048388526203
1,dense,28.551838287876986,0.0,0.02200330620268763
1,sparse,23.699047260777604,3.8005533591501854,1.0
1,dense,36.25319196663636,0.0,0.027360591539805766
1,sparse,27.386318122664694,4.562680273149119,0.8226524186125889
1,dense,34.66615152243015,0.0,0.021498155207901784
1,sparse,32.74595246296035,5.776714004153759,1.0
1,dense,19.84749176123822,0.0,0.012883972687790943
1,sparse,34.78140560396044,10.304626648960884,1.0
1,dense,33.05332058886183,0.0,0.02446424589307921
1,sparse,22.50972439679744,11.719081531286863,0.9225301111218763
1,dense,41.05902024831513,0.0,0.02769219327068947
1,sparse,27.005802723971467,13.350574814831475,1.0
1,dense,27.5774030408303,0.0,0.0140302724121606
1,sparse,29.890582434811876,8.721124545046411,0.8251749500884499
1,dense,25.241212679270458,0.0,0.015123796170934956
1,sparse,28.273790486220804,7.823643253011542,0.9640386057067698
1,dense,37.0707109680037,0.0,0.031125423761935944
1,sparse,22.945863793322513,2.7702481823099774,0.6713811367507144
1,dense,34.08636998720723,0.0,0.02183654523127667
1,sparse,23.972858934344952,8.932983152796998,1.0
1,dense,26.621659273601495,0.0,0.01585922595278118
1,sparse,22.497956968211156,3.2663222752575827,0.6799647198237637
1,dense,28.70975307145036,0.0,0.01674710459385501
1,sparse,21.331578080687787,3.543940292828417,0.8493290960333093
1,dense,33.19615778357456,0.0,0.02169848014050848
1,sparse,22.81243543753963,11.475142446652498,1.0
1,dense,36.75649814022349,0.0,0.01979405449571815
1,sparse,30.549378977555733,10.924808798571307,1.0
1,dense,48.697895938766955,0.0,0.029768802460568528
1,sparse,25.59959211955258,12.137067379516544,1.0
1,dense,39.50695479731377,0.0,0.03289455346251072
1,sparse,23.35826288182356,6.3301653304887395,0.9023813839348712
1,dense,46.1342926123732,0.0,0.019079337480738277
1,sparse,20.49356318835103,5.853454677634894,0.8334733434178629
1,dense,32.22485022129624,0.0,0.023805396321060997
1,sparse,36.950197209119956,14.136959160566619,1.0
1,dense,35.018867758120145,0.0,0.01828451497736018
1,sparse,31.15231804590167,5.702477112434642,1.0
1,dense,39.82983755196178,0.0,0.023877524974788587
1,sparse,25.114781933751857,14.060370272697874,1.0
1,dense,36.77349149187318,0.0,0.02518156207397822
1,sparse,24.340016838720704,7.170991451620693,0.9072576554113851
1,dense,30.959528922610914,0.0,0.01876245544992796
1,sparse,19.504763367332345,19.08881554078574,0.8415069659472084
1,dense,32.24301663989153,0.0,0.022931052196867682
1,sparse,28.924908442417788,9.518636036473191,1.0
1,dense,35.804453048240156,0.0,0.021947750291481077
1,sparse,22.81508237062718,15.907537349052083,1.0
1,dense,41.0257464946371,0.0,0.017303939723862183
2,sparse,12.915785232557164,0.8089857375060752,0.4155812773805051
2,dense,18.184138648988668,0.0,0.014000479058852433
2,sparse,14.190966715763446,0.5356687611797902,0.37966830620295844
2,dense,17.14083400420827,0.0,0.005811129856139418
2,sparse,18.209447937792845,3.344642379485704,0.6325640468999126
2,dense,16.701623308525576,0.0,0.013994717258100598
2,sparse,12.88764367521357,0.7056262317877643,0.5863750382182584
2,dense,23.16844099630677,0.0,0.015219653881155391
2,sparse,13.618335109366305,1.9753184407981301,0.45669248453484856
2,dense,16.546889074965893,0.0,0.010122992099133837
2,sparse,19.51338001662968,0.0,0.5281641432915536
2,dense,16.672090257757585,0.0,0.012289609794390241
2,sparse,19.704249623207517,4.266680281065294,0.7426362409562247
2,dense,15.500059324477618,0.0,0.006377654420675887
2,sparse,9.809379125202659,2.085590038649033,0.18927682301966742
2,dense,19.909285761748006,0.0,0.009448746913140755
2,sparse,9.582355993205095,3.159886792017993,0.3441556036877358
2,dense,19.41529309116664,0.0,0.01145251625917099
2,sparse,13.441140245305471,0.775567026954742,0.4806703172065778
2,dense,15.74515805963996,0.0,0.008234909937068055
2,sparse,16.502542851365433,0.24817543755316254,0.655198040020408
2,dense,23.02089118053029,0.0,0.010831599740466293
2,sparse,18.814514964901313,6.321091896826037,0.7733658830758601
2,dense,21.374125310761304,0.0,0.01528358149172297
2,sparse,16.7366599201767,0.8817022213968418,0.6081395874044883
2,dense,22.448265584081827,0.0,0.014391934774774663
2,sparse,13.209262340379746,5.657168578297295,0.497736262389956
2,dense,14.131947571935093,0.0,0.007506802919410244
2,sparse,14.027592763257351,3.432427660574034,0.5827774154336589
2,dense,17.157527789253926,0.0,0.01346423562794501
2,sparse,13.238274180191818,0.06422359053907571,0.30435833382814514
2,dense,13.033974703881219,0.0,0.007887321939716627
2,sparse,22.21941895128325,2.1093500156494156,0.8993069597956287
2,dense,16.623870197417993,0.0,0.011842229438795156
2,sparse,16.437064148747126,1.07311740164826,0.3483379144844626
2,dense,16.69322184297651,0.0,0.011676937097751817
2,sparse,13.400507535190243,1.9213214439110249,0.4105398187784761
2,dense,20.885490485022743,0.0,0.011322556242396035
2,sparse,20.40286020307185,2.414801970782429,0.6133833691458374
2,dense,16.45693027986334,0.0,0.011078263122742456
2,sparse,10.922076793282832,3.897837789620747,0.2324076981792529
2,dense,22.914963521799155,0.0,0.015644556697837247
2,sparse,11.204478565805838,0.42252695833187914,0.5246560265272986
2,dense,16.97105859630826,0.0,0.008101398238988384
2,sparse,18.203494006349807,3.480550639590003,0.6315922139747161
2,dense,15.851412345090823,0.0,0.008155944174868455
2,sparse,16.859379963609545,2.13293083131784,0.49464174371727576
2,dense,15.613082716358027,0.0,0.009140696428382184
2,sparse,13.96155134321088,1.9814545650966828,0.5807268225713325
2,dense,16.234067674455684,0.0,0.008787231124257638
2,sparse,14.724995912163045,4.60967980952415,0.4509063570346607
2,dense,21.67749272718511,0.0,0.01497065586945115
2,sparse,20.195918330212468,2.2921007627726175,0.5641312774073334
2,dense,16.902606818105795,0.0,0.010792710845838108
2,sparse,17.120240808696575,2.3848412505995005,0.5136457339340617
2,dense,16.41962478407555,0.0,0.01413708723615309
2,sparse,21.319634727977036,3.043852101347768,0.8102377570256234
2,dense,14.547588409134484,0.0,0.00788902073525962
2,sparse,15.587319339203646,0.09489041534517935,0.44476511634744753
2,dense,15.191791643837673,0.0,0.006219952510392756
4,sparse,7.752138596886078,0.0,0.21407932988976258
4,dense,8.778783300666516,0.0,0.0036556003544363606
4,sparse,7.99530879830169,0.5015925751301946,0.329608035046553
4,dense,10.791524911259033,0.0,0.006565344645355532
4,sparse,8.030918271094881,0.9433485266480344,0.2665202876058169
4,dense,10.616326412576514,0.0,0.0064043828715601
4,sparse,8.059393878264833,0.17817818646988326,0.2522610420676013
4,dense,9.877743249922858,0.0,0.005624001838493672
4,sparse,7.0829739003816,0.22216110958550153,0.2695716252021775
4,dense,12.50289469457735,0.0,0.00791621295194951
4,sparse,9.588466879944733,1.0271083734049509,0.29355818662457733
4,dense,10.415646248215632,0.0,0.0052990245592785725
4,sparse,8.243598887093881,0.6248697123588723,0.20996406040076754
4,dense,10.559528467764553,0.0,0.0065106778887650315
4,sparse,10.576503684027502,0.0,0.21384401040627135
4,dense,8.218556650757272,0.0,0.006746078104139614
4,sparse,8.080987430644292,0.09143790519627593,0.22480803904371466
4,dense,9.785710146096791,0.0,0.00556222342699738
4,sparse,8.221744577278658,0.7754573833866868,0.20731751742502236
4,dense,8.314880407346507,0.0,0.00404946124251303
4,sparse,8.65893892593093,0.0,0.25808183608466895
4,dense,8.388906552701584,0.0,0.0037477412836579497
4,sparse,6.458262164130104,0.0,0.21553511713330412
4,dense,7.639384417722662,0.0,0.004211264823800721
4,sparse,7.26767106879156,0.0,0.27527980295255844
4,dense,6.745027324221643,0.0,0.004588015606974883
4,sparse,9.719420952376796,0.8395148868003443,0.25285940588719197
4,dense,11.214054352793049,0.0,0.006963708192770552
4,sparse,8.460912017569251,0.2521856257050743,0.16653850342434845
4,dense,8.810227126140282,0.0,0.0067668530119160495
4,sparse,8.416747520455244,0.09319512394012593,0.19961560688521585
4,dense,9.656490565503526,0.0,0.006852479840455795
4,sparse,9.229429517807759,0.4565021516697405,0.2402337759047683
4,dense,9.841182226381669,0.0,0.006696327249496062
4,sparse,10.358560187656943,0.0,0.22009801512826044
4,dense,10.805698688613118,0.0,0.007106379566849799
4,sparse,9.558655332347003,0.0,0.21720200998344483
4,dense,12.125869969439984,0.0,0.005700379993153418
4,sparse,14.525521000436063,0.6826625902004227,0.6373695980295825
4,dense,6.642422749797201,0.0,0.0050180977631962284
4,sparse,9.917984010677916,0.4929941330906423,0.3068082450040772
4,dense,9.566572381409353,0.0,0.003476303075797231
4,sparse,6.584961444729042,0.3060697858788628,0.1982508749549236
4,dense,9.588995471660603,0.0,0.0032471232215577055
4,sparse,5.890764568095811,0.016278589338150667,0.1277808522355386
4,dense,6.514336067342164,0.0,0.002987587852883675
4,sparse,7.794515862088417,0.4795335361393011,0.24082706499318973
4,dense,8.736050109144493,0.0,0.006906768146293143
4,sparse,8.885590614716856,0.0,0.28113580003394784
4,dense,10.879604098342876,0.0,0.005171832277774837
4,sparse,11.944838769711643,0.36328649638667576,0.21823852336237057
4,dense,10.150778168795478,0.0,0.005299320761515759
4,sparse,9.822110807663773,3.249603423560225,0.36099079281999735
4,dense,9.88937300224732,0.0,0.006969350868327848
4,sparse,7.719051832545603,0.5318675847918045,0.3088979304138321
4,dense,4.8573893936615775,0.0,0.003386971897141635
4,sparse,8.773785347900684,1.1068499783923376,0.19873624452667832
4,dense,9.028316689664232,0.0,0.005881692483185649
4,sparse,6.66272854382052,0.5979882294655133,0.27435303159735014
4,dense,12.904793900288785,0.0,0.008769793623122687
8,sparse,4.33972918887141,0.0,0.16992234889198574
8,dense,3.369186269893651,0.0,0.0021324362023057413
8,sparse,4.442634902959803,0.0,0.17684742631212225
8,dense,4.145373937671849,0.0,0.0024686122035532713
8,sparse,4.374977708818481,0.0,0.1635562691045187
8,dense,3.7846239153927925,0.0,0.002869391199380661
8,sparse,4.675733609677668,0.2965548836262067,0.10627245650040147
8,dense,5.114780206437831,0.0,0.002401421986037127
8,sparse,3.829070649661164,0.0,0.11057091224693191
8,dense,5.498184671878647,0.0,0.0036161665948953783
8,sparse,4.7757342139588665,0.012278420861702869,0.11434212756954204
8,dense,3.9379991552616858,0.0,0.0020470354019748995
8,sparse,5.268480660362556,0.34468102656255084,0.14515712373086398
8,dense,4.998092430839769,0.0,0.0033221726665210037
8,sparse,2.8861552439210114,0.0,0.07942562947499829
8,dense,4.919066669797021,0.0,0.0029654787290590914
8,sparse,3.051364602639289,0.0,0.0792906452481247
8,dense,3.31219673993769,0.0,0.0015107118671589459
8,sparse,5.198444225294913,0.0,0.14779530299284915
8,dense,4.138437799719841,0.0,0.0024379238168395173
8,sparse,3.278804510699882,0.0,0.09628611784851052
8,dense,3.8462150753060578,0.0,0.0031501566440281376
8,sparse,5.975085492626653,0.020381067766806964,0.1961899356385477
8,dense,4.950884030511044,0.0,0.0034717712913982755
8,sparse,4.192102087906368,0.1371776492754583,0.13199630219454095
8,dense,3.791890718325469,0.0,0.0018230849278514337
8,sparse,4.627042374385042,0.16874143200149594,0.11704599179926314
8,dense,5.314044571043397,0.0,0.0031178654011537518
8,sparse,4.32582713524124,0.16689244444888648,0.11788449933256867
8,dense,3.5659992737960686,0.0,0.002477914151327724
8,sparse,3.2100770879010354,0.0,0.10211189206176918
8,dense,4.122582304971061,0.0,0.002247253757535116
8,sparse,4.3862729119701,0.0,0.1271057377078853
8,dense,4.663125019086086,0.0,0.0027382176994407877
8,sparse,3.9949321497930073,0.0,0.11514951687108146
8,dense,4.049716927362833,0.0,0.0013886137401712538
8,sparse,4.219899020049204,0.0,0.1130362307632147
8,dense,5.128260807484142,0.0,0.002331907176838015
8,sparse,3.8972729089078726,0.0,0.08952923632671007
8,dense,4.370979132574948,0.0,0.002734499132926271
8,sparse,4.74784506525668,0.4353213990552747,0.0753423821353714
8,dense,4.754651787531351,0.0,0.00280896521981737
8,sparse,4.0696728419955095,0.0,0.1299519665670551
8,dense,5.530930653405683,0.0,0.003031945404107353
8,sparse,2.7011544791880744,0.0,0.09108574287904675
8,dense,4.806346018879161,0.0,0.002789365821429516
8,sparse,3.8777943680153846,0.0,0.1332592789681029
8,dense,5.801140150095219,0.0,0.003589642778062543
8,sparse,2.7195266366401842,0.26481696132592497,0.08024632976492764
8,dense,4.271494974258836,0.0,0.0018813451085437326
8,sparse,7.118332653752653,0.028181307247777565,0.2854066182660079
8,dense,4.337821577691656,0.0,0.0019071942744066286
8,sparse,4.070935345681177,0.0,0.08249509677123176
8,dense,4.658026918294429,0.0,0.0038449796817567883
8,sparse,3.2584631575926823,0.0,0.09954737254546146
8,dense,4.100870570613239,0.0,0.0027989886350222666
8,sparse,4.379856113392445,0.13309528879454505,0.15153486289264284
8,dense,4.063413267910062,0.0,0.002446176199551512
8,sparse,3.8278740840844763,0.0,0.09086486780247549
8,dense,4.3482529568944175,0.0,0.003581945204381042
