prevalence,true_alerts_per_million,false_alerts_per_million,analyst_minutes_per_alert,analyst_hours_per_million
0.0001,87.38461538461539,3571.0714285714284,3,182.92280219780216
0.0001,87.38461538461539,3571.0714285714284,7,426.81987179487174
0.0001,87.38461538461539,3571.0714285714284,15,914.6140109890109
0.0005,436.9230769230769,3569.642857142857,3,200.32829670329673
0.0005,436.9230769230769,3569.642857142857,7,467.4326923076923
0.0005,436.9230769230769,3569.642857142857,15,1001.6414835164835
0.001,873.8461538461538,3567.8571428571427,3,222.08516483516482
0.001,873.8461538461538,3567.8571428571427,7,518.1987179487179
0.001,873.8461538461538,3567.8571428571427,15,1110.4258241758241
