evidence_id,claim_ids,source_type,title,identifier,year,novelty_axis,direct_overlap,decision,reason,checked_at,access_status,limitations
N001,C001,peer-reviewed article,Atomic cross-chain settlement model for central banks digital currency,10.1016/j.ins.2021.09.040,2021,cross-border atomicity,Atomic cross-chain CBDC settlement,STRONG_PREDECESSOR,Does not supply the same cross-domain qualification method,2026-08-29,METADATA_AND_CITATION_VERIFIED,Full-text feature reconciliation and citation chaining incomplete
N002,C001,preprint,CBDC-AquaSphere: Interoperable Central Bank Digital Currency Built on Trusted Computing and Blockchain,arXiv:2305.16893,2023,interoperability architecture,Independent semi-centralized ledgers with privacy and scalability goals,STRONG_PREDECESSOR,TEE-specific architecture and preprint evidence maturity,2026-08-29,PUBLIC_METADATA_CAPTURED,Follow-on and forward-citation search incomplete
N003,C001,policy report,Cross-Border Payments with Retail Central Bank Digital Currencies: Design and Policy Considerations,10.5089/9798400272035.063,2024,cross-border design,Access communication FX compliance and settlement elements,STRONG_PREDECESSOR,Policy architecture rather than full executable qualification package,2026-08-29,OFFICIAL_SOURCE_VERIFIED,Institutional implementation follow-up incomplete
N004,C001,institutional architecture,High-level technical requirements for a functional central bank digital currency architecture,BIS othp82,2023,functional architecture,Interoperability scalability security and privacy requirements,STRONG_PREDECESSOR,Requirements do not by themselves provide claim-maturity evidence gates,2026-08-29,OFFICIAL_SOURCE_VERIFIED,Standards and central-bank report surface not exhaustive
N005,C001,peer-reviewed article,Privacy and Transparency in CBDCs: A Regulation-by-Design AML/CFT Scheme,10.1109/TNSM.2021.3136984,2022,privacy AML,Regulation-by-design AML/CFT and privacy,STRONG_PREDECESSOR,Narrower assurance surface,2026-08-29,METADATA_AND_CITATION_VERIFIED,Later citing work not exhaustively chained
N006,C001,institutional prototype,Project Agora: exploring tokenisation of wholesale cross-border payments,https://www.bis.org/about/bisih/topics/fmis/agora.htm,2026,real-value settlement,Controlled real-value multi-currency wholesale testing,STRONGER_EVIDENCE_ON_NARROW_SURFACE,Shared platform and different contribution scope,2026-08-29,OFFICIAL_SOURCE_VERIFIED,Controlled prototype does not establish the manuscript's joint qualification method
N007,C001,working paper,Central Bank Digital Currency Towards A Composable Standards-Based Implementation,10.2139/ssrn.4251613,2022,composable implementation,Composable standards-based token and contract networks with software demonstrations,DEFEATS_BROAD_COMPOSABILITY,Broad first-composable or first-standards-based priority is not defensible,2026-08-29,METADATA_AND_CITATION_VERIFIED,Full-text feature reconciliation and citation chaining incomplete
N008,C001,peer-reviewed article,Privacy and Compliance Design Options in Offline Central Bank Digital Currencies,10.1109/TNSM.2025.3575367,2025,offline privacy compliance,Classification and compliance-by-design for offline CBDC,STRONG_PREDECESSOR,Offline and privacy-compliance scope differs from the joint online assurance package,2026-08-29,METADATA_AND_CITATION_VERIFIED,Citation-chain and related-offline-system coverage incomplete
N009,C001,patent,Systems and methods for providing interoperability in a CBDC network,WO2025085074A1,2025,architecture-agnostic interoperability,Reservation messages checkpoints and cross-system finalization,DEFEATS_BROAD_INTEROPERABILITY_PRIORITY,Broad architecture-agnostic checkpoint and finalization priority is not defensible,2026-08-29,PATENT_PAGE_VERIFIED,Patent-family and cited-patent chaining incomplete; legal status is not a legal conclusion
N010,C001,preprint,On the Operational Resilience of CBDC: Threats and Prospects of Formal Validation for Offline Payments,arXiv:2508.08064,2025,formal resilience,Formal-method validation advocated for CBDC operational resilience,STRONG_PREDECESSOR,Offline focus and preprint status differ from the executed multi-surface prototype,2026-08-29,PUBLIC_METADATA_CAPTURED,Formal refinement proof remains absent from v8
N011,C001,preprint,Balancing Compliance and Privacy in Offline CBDC Transactions Using a Secure Element-based System,arXiv:2509.25469,2025,privacy compliance prototype,Open-source offline prototype with identity attestations holding limits security analysis and measured latency,STRONG_PREDECESSOR,Offline secure-element scope does not establish the joint online cross-border qualification method,2026-08-29,PUBLIC_FULL_TEXT_REVIEWED,Version and citation-chain reconciliation incomplete
N012,C001,working paper,CBDC Cross-Border Settlement Prototype: Programmable Compliance for Cross-Border CBDC Settlement Using ISO 20022 and FATF Travel Rule Automation,10.2139/ssrn.5394110,2025,cross-border compliance prototype,Title indicates a prototype combining cross-border settlement programmable compliance messaging and Travel Rule automation,HIGH_RISK_UNRESOLVED,Potentially close operational predecessor cannot be compared from title-only metadata,2026-08-29,METADATA_TITLE_ONLY_SSRN_403,Full text and abstract unavailable in captured public sources; blocks novelty-survival decision
N013,C001,working paper,Digital Co-Governance: A Multi-CBDC and AI Architecture for Cross-Border Payments Beyond Dollar Dominance,10.2139/ssrn.6676567,2026,cross-border governance and simulation,Atomic PvP programmable compliance liquidity optimisation and Monte Carlo simulation,STRONG_PREDECESSOR,Specific mBridge-plus-AI architecture rather than non-compensating claim-maturity qualification,2026-08-29,PUBLIC_SSRN_ABSTRACT_REVIEWED,Full-text methods and calibration claims require verification
N014,C001,working paper,The Gold Bridge Protocol: Neutral Cross-Border CBDC Settlement via Tokenised Gold,10.2139/ssrn.6232900,2026,cross-border settlement and compliance,Atomic settlement sanctions ring-fencing confidential compliance and corridor simulation,STRONG_PREDECESSOR,Uses a tokenised-gold bridge asset rather than the manuscript's independent-ledger qualification method,2026-08-29,PUBLIC_METADATA_AND_ABSTRACT_REVIEWED,Full-text simulation provenance and citation chain incomplete
N015,C001,peer-reviewed article,Blockchain-Enabled Central Bank Digital Currency: Technological Architecture Privacy and Institutional Design,10.3390/blockchains4030012,2026,policy limits and analytical architecture,Joint analytical framework with holding-cap threshold rule dynamics privacy and institutional comparison,STRONG_PREDECESSOR,Parametric analytical vocabulary explicitly lacks pilot calibration and does not expose the same evidence-gating contract,2026-08-29,PUBLISHER_HTML_VERSION_OF_RECORD_REVIEWED,Backward and forward citation chaining incomplete
N016,C001,preprint,Benchmarking the performance of a self-custody non-ledger-based obliviously managed digital payment system,arXiv:2404.12821,2024,privacy provenance and performance,Self-custody privacy provenance verification ledger design and performance benchmark,STRONG_PREDECESSOR,Specific payment architecture and benchmark rather than a cross-domain qualification method,2026-08-29,PUBLIC_ABSTRACT_REVIEWED,Full-text benchmark and citation-chain reconciliation incomplete
N017,C001,peer-reviewed article,CEV Framework: A Central Bank Digital Currency Evaluation and Verification Framework With a Focus on Consensus Algorithms and Operating Architectures,10.1109/ACCESS.2022.3183092,2022,evaluation and verification method,Recommends CBDC technical solutions and verifies them using empirical experiments and formal proof,CLOSEST_METHOD_PREDECESSOR,"Full-text review confirms performance/security/privacy scope, empirical/formal verification, compensating architecture tradeoffs and iteration to an acceptable balance; C001 proposes non-compensating evidence ceilings across additional surfaces",2026-08-29,PRIMARY_FULL_TEXT_HASHED_AND_CITATION_CHAIN_PARTIAL,Defeats broad first-framework claims; retained CEV forward citations and independent materiality challenge remain incomplete
